{
  "Start line towards trench and shoot 3": {
    "waypoints": [
      {
        "x": 267.74622674698435,
        "y": 490.06510434701977,
        "heading": -65.89339719729894,
        "handleBeforeLength": 20,
        "handleAfterLength": 40.774286257996
      },
      {
        "x": 298.1146878986116,
        "y": 412.6903357642574,
        "heading": -80.83581071516296,
        "handleBeforeLength": 20,
        "handleAfterLength": 61.50961057169262
      }
    ],
    "angles": [
      {
        "afterWaypoint": 0,
        "t": 0.1,
        "angle": 1.5707963267948966
      },
      {
        "afterWaypoint": 0,
        "t": 0.9980000000000008,
        "angle": 1.8508104855071934
      }
    ]
  }
}